<!-- See documentation at http://developer.gooddata.com/gooddata-cl/xml-config.html -->

<schema>
  <name>quotes</name>
  <columns>
    <column>
      <name>id</name>
      <title>ID</title>
      <ldmType>ATTRIBUTE</ldmType>
      <folder>Company</folder>
    </column>
    <column>
      <name>company</name>
      <title>COMPANY</title>
      <ldmType>ATTRIBUTE</ldmType>
      <folder>Company</folder>
    </column>
    <column>
      <name>symbol</name>
      <title>SYMBOL</title>
      <ldmType>ATTRIBUTE</ldmType>
      <folder>Company</folder>
    </column>
    <column>
      <name>sector</name>
      <title>SECTOR</title>
      <ldmType>ATTRIBUTE</ldmType>
      <folder>Company</folder>
    </column>
    <column>
      <name>industry</name>
      <title>INDUSTRY</title>
      <ldmType>ATTRIBUTE</ldmType>
      <folder>Company</folder>
    </column>
    <column>
      <name>market</name>
      <title>MARKET</title>
      <ldmType>ATTRIBUTE</ldmType>
      <folder>Company</folder>
    </column>
    <column>
      <name>quote_date</name>
      <title>QUOTE_DATE</title>
      <ldmType>ATTRIBUTE</ldmType>
      <folder>Company</folder>
    </column>
    <column>
      <name>open_price</name>
      <title>OPEN_PRICE</title>
      <ldmType>ATTRIBUTE</ldmType>
      <folder>Company</folder>
    </column>
    <column>
      <name>high_price</name>
      <title>HIGH_PRICE</title>
      <ldmType>ATTRIBUTE</ldmType>
      <folder>Company</folder>
    </column>
    <column>
      <name>low_price</name>
      <title>LOW_PRICE</title>
      <ldmType>ATTRIBUTE</ldmType>
      <folder>Company</folder>
    </column>
    <column>
      <name>close_price</name>
      <title>CLOSE_PRICE</title>
      <ldmType>ATTRIBUTE</ldmType>
      <folder>Company</folder>
    </column>
    <column>
      <name>volume</name>
      <title>VOLUME</title>
      <ldmType>ATTRIBUTE</ldmType>
      <folder>Company</folder>
    </column>
    <column>
      <name>adjusted_close_price</name>
      <title>ADJUSTED_CLOSE_PRICE</title>
      <ldmType>ATTRIBUTE</ldmType>
      <folder>Company</folder>
    </column>
  </columns>
</schema>