<!-- See documentation at http://developer.gooddata.com/gooddata-cl/xml-config.html -->
<schema>
  <name>Department</name>
  <columns>
    <column>
      <name>department</name>
      <title>Department</title>
      <ldmType>CONNECTION_POINT</ldmType>
      <folder>Department</folder>
    </column>
    <column>
      <name>name</name>
      <title>Name</title>
      <ldmType>LABEL</ldmType>
      <reference>department</reference>
      <folder>Department</folder>
    </column>
  </columns>
</schema>
