<!-- See documentation at http://developer.gooddata.com/gooddata-cl/xml-config.html -->
<schema>
  <name>Employee</name>
  <columns>
    <column>
      <name>employee</name>
      <title>Employee</title>
      <ldmType>CONNECTION_POINT</ldmType>
      <folder>Employee</folder>
    </column>
    <column>
      <name>firstname</name>
      <title>First Name</title>
      <ldmType>LABEL</ldmType>
      <reference>employee</reference>
      <folder>Employee</folder>
    </column>
    <column>
      <name>lastname</name>
      <title>Last Name</title>
      <ldmType>LABEL</ldmType>
      <reference>employee</reference>
      <folder>Employee</folder>
    </column>
    <column>
      <name>department</name>
      <title>Department</title>
      <ldmType>REFERENCE</ldmType>
      <reference>department</reference>
      <schemaReference>Department</schemaReference>  
      <folder>Employee</folder>
    </column>
  </columns>
</schema>
