<!-- See documentation at http://developer.gooddata.com/gooddata-cl/xml-config.html -->
<schema>
  <name>GA</name>
  <columns>
    <column>
      <name>id</name>
      <title>ID</title>
      <ldmType>CONNECTION_POINT</ldmType>
    </column>
    <column>
      <name>date</name>
      <title>Date</title>
      <ldmType>DATE</ldmType>
      <folder>GA</folder>
      <format>yyyy-MM-dd</format>
      <schemaReference>ga</schemaReference>
    </column>
    <column>
      <name>browser</name>
      <title>Browser</title>
      <ldmType>ATTRIBUTE</ldmType>
      <folder>GA</folder>
    </column>
    <column>
      <name>browserVersion</name>
      <title>Browser Version</title>
      <ldmType>ATTRIBUTE</ldmType>
      <folder>GA</folder>
    </column>
    <column>
      <name>country</name>
      <title>Country</title>
      <ldmType>ATTRIBUTE</ldmType>
      <folder>GA</folder>
    </column>
    <column>
      <name>isMobile</name>
      <title>Mobile</title>
      <ldmType>ATTRIBUTE</ldmType>
      <folder>GA</folder>
    </column>
    <column>
      <name>bounces</name>
      <title>Bounces</title>
      <ldmType>FACT</ldmType>
      <folder>GA</folder>
    </column>
    <column>
      <name>newVisits</name>
      <title>New Visits</title>
      <ldmType>FACT</ldmType>
      <folder>GA</folder>
    </column>
    <column>
      <name>pageViews</name>
      <title>Pageviews</title>
      <ldmType>FACT</ldmType>
      <folder>GA</folder>
    </column>
    <column>
      <name>visits</name>
      <title>Visits</title>
      <ldmType>FACT</ldmType>
      <folder>GA</folder>
    </column>
  </columns>
</schema>