<!-- See documentation at http://developer.gooddata.com/gooddata-cl/xml-config.html -->
<schema>
  <name>Companies</name>
  <columns>
    <column>
      <name>ID</name>
      <title>Id</title>
      <ldmType>PRIMARY_KEY</ldmType>
      <folder>Companies</folder>
    </column>
    <column>
      <name>COMPANY</name>
      <title>Company Name</title>
      <ldmType>LABEL</ldmType>
    </column>
    <column>
      <name>SYMBOL</name>
      <title>Symbol</title>
      <ldmType>LABEL</ldmType>
      <folder>Companies</folder>
    </column>
  </columns>
</schema>
