<!-- See documentation at http://developer.gooddata.com/gooddata-cl/xml-config.html --><schema>
  <name>FUNDAMENTALS</name>
  <columns>
    <column>
      <name>id</name>
      <title>ID</title>
      <ldmType>ATTRIBUTE</ldmType>
      <folder>Fundamentals</folder>
    </column>
    <column>
      <name>company</name>
      <title>COMPANY</title>
      <ldmType>ATTRIBUTE</ldmType>
      <folder>Fundamentals</folder>
    </column>
    <column>
      <name>symbol</name>
      <title>SYMBOL</title>
      <ldmType>ATTRIBUTE</ldmType>
      <folder>Fundamentals</folder>
    </column>
    <column>
      <name>year</name>
      <title>YEAR</title>
      <ldmType>ATTRIBUTE</ldmType>
      <folder>Fundamentals</folder>
    </column>
    <column>
      <name>sector</name>
      <title>SECTOR</title>
      <ldmType>ATTRIBUTE</ldmType>
      <folder>Fundamentals</folder>
    </column>
    <column>
      <name>industry</name>
      <title>INDUSTRY</title>
      <ldmType>ATTRIBUTE</ldmType>
      <folder>Fundamentals</folder>
    </column>
    <column>
      <name>market</name>
      <title>MARKET</title>
      <ldmType>ATTRIBUTE</ldmType>
      <folder>Fundamentals</folder>
    </column>
    <column>
      <name>assets</name>
      <title>ASSETS</title>
      <ldmType>FACT</ldmType>
      <folder>Fundamentals</folder>
    </column>
    <column>
      <name>current_assets</name>
      <title>CURRENT_ASSETS</title>
      <ldmType>FACT</ldmType>
      <folder>Fundamentals</folder>
    </column>
    <column>
      <name>current_liabilities</name>
      <title>CURRENT_LIABILITIES</title>
      <ldmType>FACT</ldmType>
      <folder>Fundamentals</folder>
    </column>
    <column>
      <name>equity</name>
      <title>EQUITY</title>
      <ldmType>FACT</ldmType>
      <folder>Fundamentals</folder>
    </column>
  </columns>
</schema>